<?xml version="1.0"?>
<!-- commit -->
<project name="SFDC" default="deployCode" basedir="." 
		 xmlns:sf="antlib:com.salesforce">

	<taskdef resource="com/salesforce/antlib.xml" classPath="./ant-salesforce.jar" uri="antlib:com.salesforce"/>
	<taskdef resource="net/sf/antcontrib/antcontrib.properties">
	<classpath>
		<pathelement location="/usr/local/ant-contrib/ant-contrib-1.0b3.jar"/>
	</classpath>
	</taskdef>
	<tstamp>
		<format property="version" pattern="yyyy-MM-dd'T'HH_mm-z"/>
	</tstamp>
	
	<target name="init">
	  <property environment="env"/>
	  <echo message="-------------DEPLOYMENT DETAILS---------------->"/>
	  <echo message="Sandbox Details :${sf.serverurl}"/>
	  <echo message="User Name :${sf.username}"/>
	  <echo message="User Password :***********"/>
	  <echo message="Build Directory :${build_Dir}"/>
	  <echo message="Name of the Sandbox :${SandboxName}"/>
	  <echo message="Test Level :${testLevel}"/>
	  <echo message="---------------------------------------------->"/>
		
		<!-- <delete dir="${build_Dir}/templabels"/> -->
	</target>
	
	<target name="deployCode" depends="init">
		<sf:deploy 
			username="${sf.username}" 
			password="${sf.password}" 
			serverurl="${sf.serverurl}" 	
			logType = "Detail" 
			checkOnly="true" 
			pollWaitMillis="2000" 
			maxPoll="10000"
			deployRoot="${build_Dir}" 
			testLevel="${testLevel}"/>
		<sf:deploy 
			username="${sf.username}" 
			password="${sf.password}" 
			serverurl="${sf.serverurl}" 
			logType = "Detail"  
			pollWaitMillis="2000" 
			maxPoll="10000" 
			deployRoot="${build_Dir}"
			testLevel="${testLevel}"/>
	</target>

	
	<target name="validateCode" depends="init">
	  
		<sf:deploy 
			username="${sf.username}" 
			password="${sf.password}" 
			serverurl="${sf.serverurl}" 	
			logType = "Detail" 
			checkOnly="true" 
			pollWaitMillis="2000" 
			maxPoll="10000"
			deployRoot="${build_Dir}" />
		
	</target>

 	<target name="retrieveCode">
        <sf:retrieve 
			username="${sf.username}" 
			password="${sf.password}"  
			serverurl="${sf.serverurl}" 
			maxPoll="10000" 
			retrieveTarget="/var/lib/jenkins/sf-build-job/git/sf_dev_ops_sbxsync/src" 
			unpackaged="/var/lib/jenkins/sf-build-job/git/sf_dev_ops_sbxsync/src/package.xml"/>
   
  </target>

	
</project>
